Feature,Importance Score
developer,0.6156510608124971
critic_score,0.12155483117553083
developer_game_count,0.0827057709613925
publisher,0.04879550384085183
publisher_game_count,0.027226093532391964
console_PS2,0.014974655408389104
console_PC,0.013996919120158206
console_PS4,0.008580000639104426
release_year_bin_era_1,0.007710986922981463
genre_SHOOTER,0.006885410218279307
